<?xml version="1.0" encoding="UTF-8"?>

<XMBML version="1.0">
	<View id="root">
		<Attributes>
			<Table key="seg_browser">
				<Pair key="focus_priority"><String>-1</String></Pair>
			</Table>
		</Attributes>
		<Items>
			<Query
				class="type:x-xmb/folder-pixmap"
				key="seg_manual"
				src="#seg_manual"
				/>
			<Query 
				class="type:x-xmb/folder-pixmap" 
				key="seg_premo" 
				src="#seg_premo"
				/>
			<Query 
				class="type:x-xmb/folder-pixmap" 
				key="seg_browser" 
				attr="seg_browser" 
				src="#seg_browser"
				/>
			<Query
				class="type:x-xmb/folder-pixmap"
				key="seg_kensaku"
				src="#seg_kensaku"
				/>
			<Query
				class="type:x-xmb/folder-pixmap"
				key="seg_dlctrl"
				src="ese://localhost/query?type=download_control"
				/>
		</Items>
	</View>

	<View id="shop_staff_root">
		<Attributes>
			<Table key="seg_browser">
				<Pair key="focus_priority"><String>-1</String></Pair>
			</Table>
		</Attributes>
		<Items>
			<Query
				class="type:x-xmb/folder-pixmap"
				key="seg_manual"
				src="xmb://localhost/%flash/xmb/category_network.xml#seg_manual"
				/>
			<Query
				class="type:x-xmb/folder-pixmap"
				key="seg_premo"
				src="sel://localhost/nopremo?category_network.xml#seg_premo"
				/>
			<Query
				class="type:x-xmb/folder-pixmap"
				key="seg_browser"
				attr="seg_browser"
				src="xmb://localhost/%flash/xmb/category_network.xml#seg_browser"
				/>
			<Query
				class="type:x-xmb/folder-pixmap"
				key="seg_kensaku"
				src="xmb://localhost/%flash/xmb/category_network.xml#seg_kensaku"
				/>
			<Query
				class="type:x-xmb/folder-pixmap"
				key="seg_dlctrl"
				src="ese://localhost/query?type=download_control"
				/>
		</Items>
	</View>

	<View id="seg_manual">
		<Attributes>
			<Table key="manual">
				<Pair key="icon_rsc"><String>tex_onlinemanual</String></Pair>
				<Pair key="icon_notation"><String>WNT_XmbItemOnlineManual</String></Pair>
				<Pair key="title_rsc"><String>msg_onlinemanual</String></Pair>
				<Pair key="module_name"><String>explore_plugin</String></Pair>
				<Pair key="module_action"><String>NotifyErrorNoExecute</String></Pair>
				<Pair key="bar_action"><String>none</String></Pair>
				<Pair key="lbl_half"><String>1</String></Pair>
			</Table>
		</Attributes>
		<Items>
			<Item  class="type:x-xmb/module-action"   key="manual"       attr="manual" />
		</Items>
	</View>

	<View id="seg_premo">
		<Attributes>
			<Table key="premo">
				<Pair key="icon_rsc"><String>tex_premo</String></Pair>
				<Pair key="icon_notation"><String>WNT_XmbItemPRemo</String></Pair>
				<Pair key="title_rsc"><String>msg_psp_connection</String></Pair>
				<Pair key="module_name"><String>explore_plugin</String></Pair>
				<Pair key="module_action"><String>NotifyErrorNoExecute</String></Pair>
				<Pair key="bar_action"><String>none</String></Pair>
				<Pair key="lbl_half"><String>1</String></Pair>
			</Table>
		</Attributes>
		<Items>
			<Item  class="type:x-xmb/module-action"   key="premo"       attr="premo" />
		</Items>
	</View>

	<View id="seg_kensaku">
		<Attributes>
			<Table key="kensaku">
				<Pair key="icon_rsc"><String>tex_album_icon</String></Pair>
				<Pair key="icon_notation"><String>WNT_XmbItemInetSearch</String></Pair>
				<Pair key="title_rsc"><String>msg_internet_search</String></Pair>
				<Pair key="module_name"><String>explore_plugin</String></Pair>
				<Pair key="module_action"><String>NotifyErrorNoExecute</String></Pair>
				<Pair key="bar_action"><String>none</String></Pair>
				<Pair key="lbl_half"><String>1</String></Pair>
			</Table>
		</Attributes>
		<Items>
			<Item  class="type:x-xmb/module-action"   key="kensaku"       attr="kensaku" />
		</Items>
	</View>

	<View id="seg_browser">
		<Attributes>
			<Table key="browser">
				<Pair key="icon_rsc"><String>tex_browser</String></Pair>
				<Pair key="icon_notation"><String>WNT_XmbItemBrowser</String></Pair>
				<Pair key="title_rsc"><String>msg_browser</String></Pair>
				<Pair key="module_name"><String>explore_plugin</String></Pair>
				<Pair key="module_action"><String>NotifyErrorNoExecute</String></Pair>
				<Pair key="bar_action"><String>none</String></Pair>
				<Pair key="lbl_half"><String>1</String></Pair>
 			</Table>
		</Attributes>
		<Items>
			<Item  class="type:x-xmb/module-action"   key="browser"       attr="browser" />
		</Items>
	</View>

</XMBML>
